{
    "buy_model": {
        "best_score": 0.5412200581162544,
        "best_params": {
            "n_estimators": 547,
            "learning_rate": 0.011440877817656781,
            "max_depth": 6,
            "subsample": 0.9326805132067173,
            "colsample_bytree": 0.7469364373081855,
            "scale_pos_weight": 1.4257280333846192
        }
    },
    "sell_model": {
        "best_score": 0.5197073453469992,
        "best_params": {
            "n_estimators": 388,
            "learning_rate": 0.012141731939264551,
            "max_depth": 6,
            "subsample": 0.8066492723913712,
            "colsample_bytree": 0.6942104037677562,
            "scale_pos_weight": 2.6671216355042353
        }
    },
    "model_type": "xgboost"
}